species,p_raw,clr_fc,mean_CD,mean_H,p_adj,-log10p,significant,direction
Clostridium lavalense,1.1852237507220936e-29,1.0366084366122372,-0.8785379747669577,-1.915146411379195,1.4459729758809541e-27,26.83983982359436,True,Higher in CD
Dielma fastidiosa,8.975474448214419e-28,0.7367182148003568,-1.2877050422275391,-2.024423257027896,5.475039413410795e-26,25.261612750101506,False,ns
Erysipelatoclostridium ramosum,4.295877314922394e-27,0.8352540272803932,-1.1422268389092607,-1.977480866189654,1.7469901080684402e-25,24.75770955410319,False,ns
Clostridium aldenense,1.2647674601741483e-25,0.72589746899803,-1.3428089878833647,-2.0687064568813947,3.857540753531152e-24,23.41368947707552,False,ns
Clostridium bolteae CAG 59,4.580064263838343e-25,1.0498117466042656,-0.7624856448099807,-1.8122973914142462,1.1175356803765557e-23,22.95173860193806,True,Higher in CD
Clostridium symbiosum,6.27965314119962e-24,1.1309897314491297,-0.1446843075529002,-1.27567403900203,1.2768628053772562e-22,21.89385576371425,True,Higher in CD
Eisenbergiella massiliensis,1.2203243998321703e-23,1.0537771211980675,-0.37693607048390915,-1.4307131916819766,2.126851096850354e-22,21.67226291446018,True,Higher in CD
Acidaminococcus intestini,1.4806557459274947e-23,0.9601102860713171,-0.7901779496182697,-1.7502882356895868,2.2580000125394294e-22,21.64627605999927,False,ns
Clostridium saccharolyticum,2.9353468327880693e-23,1.177595037573121,-0.7436284028250519,-1.921223440398173,3.673356224929579e-22,21.434936953762076,True,Higher in CD
Clostridium bolteae,3.0109477253521137e-23,1.4423670118723095,0.6126933785819152,-0.8296736332903943,3.673356224929579e-22,21.434936953762076,True,Higher in CD
Clostridium sp CAG 242,4.04584850071504e-23,0.6396866373745633,-1.3994592278401188,-2.039145865214682,4.4872137917021355e-22,21.34802323816815,False,ns
Clostridium asparagiforme,1.2987506373023428e-22,0.5846182356836904,-1.5223221191347116,-2.106940354818402,1.320396481257382e-21,20.87929564169748,False,ns
Eggerthella lenta,2.985825610877708e-22,0.6908840325504504,-1.3521718985652011,-2.0430559311156515,2.557928208783994e-21,20.592111648663654,False,ns
Collinsella intestinalis,2.7650286731291794e-22,0.6305433733077264,-1.4997555271555907,-2.130298900463317,2.557928208783994e-21,20.592111648663654,False,ns
Clostridium spiroforme,3.1449936993245825e-22,0.5885689706355133,-1.3545779513868559,-1.9431469220223692,2.557928208783994e-21,20.592111648663654,False,ns
Clostridium clostridioforme,3.666354899600092e-22,1.196789557241946,-0.38886057688674597,-1.585650134128692,2.79559561094507e-21,20.553525650035326,True,Higher in CD
Clostridium innocuum,6.385952002685132e-20,0.5684754375649141,-1.3030209613191763,-1.8714963988840905,4.582859672515212e-19,18.338863440679138,False,ns
Clostridium citroniae,3.4017024689761114e-19,0.6999503021596118,-1.1091571047803934,-1.8091074069400053,2.305598340083809e-18,17.63721634920041,False,ns
Blautia sp CAG 257,6.30232896480878e-17,0.6488858343648392,-1.1040313603637832,-1.7529171947286224,4.0467585984561643e-16,15.392892701831647,False,ns
Bacteroides fragilis,1.2301025747943743e-16,1.8863192664649522,2.5278910283288645,0.6415717618639124,7.503625706245684e-16,15.124728837444327,True,Higher in CD
Collinsella stercoris,2.661390868546442e-16,0.4546400890120623,-1.56308294248416,-2.0177230314962222,1.5461413617269807e-15,14.810750801613445,False,ns
Bacteroides intestinalis,4.487593827639258e-15,0.4260331852469639,-1.2175998873884524,-1.6436330726354162,2.4885747589635886e-14,13.604049308137688,False,ns
Ruminococcus gnavus,5.993189885625906e-15,1.269271415155401,0.9583939988101109,-0.3108774163452902,3.1789963741146114e-14,13.497709967430591,True,Higher in CD
Flavonifractor plautii,1.776742123994783e-14,1.3136698281753563,3.3246396334892276,2.0109698053138714,9.031772463640148e-14,13.044227012074039,True,Higher in CD
Veillonella sp T11011 6,2.234871908750939e-14,0.29573197971994714,-1.4618047048060523,-1.7575366845259994,1.0906174914704582e-13,12.962327541319853,False,ns
Streptococcus salivarius,4.480047885418255e-14,0.5765102022558863,-0.9739422579532215,-1.5504524602091079,2.102176315465489e-13,12.677330861275209,False,ns
Streptococcus parasanguinis,7.63748950736622e-14,0.542042787697441,-0.9621918413860602,-1.5042346290835011,3.4510137774025146e-13,12.462053306881232,False,ns
Veillonella atypica,7.937619795545065e-14,0.6427546727455572,-0.7736027303074223,-1.4163574030529795,3.4585343394874925e-13,12.46110790789165,False,ns
Firmicutes bacterium CAG 94,3.5352641941247227e-13,0.26440638388819115,-1.2210813416509925,-1.4854877255391836,1.487249074769711e-12,11.827616292581201,False,ns
Haemophilus sp HMSC71H05,8.133479538097595e-13,0.4515616347422975,-1.2669606309753392,-1.7185222657176367,3.3076150121596886e-12,11.480485045620316,False,ns
Intestinibacter bartlettii,1.045940241019252e-12,0.555223267249668,-1.1328418673838756,-1.6880651346335436,4.116280948527379e-12,11.38549499099631,False,ns
Anaerotignum lactatifermentans,1.0815147018744684e-12,0.5299462457993391,-0.9627526842256116,-1.4926989300249507,4.1232748008964105e-12,11.384757720125657,False,ns
Ruminococcaceae bacterium D16,1.3982207096712682e-12,0.42564727015328874,-1.404690459797977,-1.8303377299512658,5.169179593330143e-12,11.286578378833019,False,ns
Hungatella hathewayi,1.6210415911815921e-12,0.4321700646128347,-0.8587737294949734,-1.2909437941078081,5.816678650710419e-12,11.235324928651046,False,ns
Anaeromassilibacillus sp An250,2.0778851724728633e-12,0.5750952717967495,-1.004731013208519,-1.5798262850052684,7.242914029762552e-12,11.140086669655188,False,ns
Firmicutes bacterium CAG 83,3.758701765730701e-12,-1.2396933279485012,-0.2719758138965441,0.9677175140519572,1.273782265053182e-11,10.894904802116363,True,Lower in CD
Sutterella parvirubra,9.821532652370537e-12,0.7633455630045983,-0.6868141677056417,-1.45015973071024,3.2384513069978526e-11,10.489662628565661,False,ns
Alistipes shahii,1.7339863760691893e-11,-1.3480521216553676,-0.20919858074479086,1.1388535409105767,5.567008891590555e-11,10.254378085040173,True,Lower in CD
Anaerotruncus colihominis,2.6494533865812574e-11,0.5315105856463442,-0.9378232927887453,-1.4693338784350896,8.080832829072836e-11,10.092543877538334,False,ns
Lactobacillus rogosae,2.6000279982639974e-11,0.48340477610696375,-1.2707443313540907,-1.7541491074610545,8.080832829072836e-11,10.092543877538334,False,ns
Bifidobacterium pseudocatenulatum,4.1474711224009776e-11,0.43024985453184894,-1.090872624900474,-1.521122479432323,1.2341255534949252e-10,9.908640655200443,False,ns
Alistipes putredinis,4.7176130916789096e-11,-2.135989329735294,2.4322641770581472,4.568253506793441,1.3703542790114928e-10,9.863167139756687,True,Lower in CD
Holdemania filiformis,7.966096673682799e-11,0.46151672936881527,-0.9694243056853319,-1.4309410350541472,2.2601483585797707e-10,9.645863052357988,False,ns
Dialister invisus,1.3970810496255443e-10,0.8438702565799631,0.343162713024209,-0.5007075435557541,3.873724728507191e-10,9.411871244003562,False,ns
Streptococcus thermophilus,2.69267275754669e-10,0.22930415681410965,-1.45378808573486,-1.6830922425489696,7.300135031571025e-10,9.13666910660231,False,ns
Intestinimonas butyriciproducens,2.905087977871195e-10,0.623415878882378,-0.5646966450778903,-1.1881125239602683,7.704798550006213e-10,9.113238711879294,False,ns
Sellimonas intestinalis,4.066511376267641e-10,0.1682906364973098,-1.5265307564881423,-1.694821392985452,1.055562527456707e-09,8.97651603566271,False,ns
Roseburia inulinivorans,5.537472437524804e-10,-1.3309622874237979,1.0981543678824208,2.4291166553062187,1.407440911204221e-09,8.85156982914207,True,Lower in CD
Eisenbergiella tayi,2.63197014481324e-09,0.38140132822079065,-1.1835526439496977,-1.5649539721704884,6.55306852382072e-09,8.183555290709874,False,ns
Turicimonas muris,7.955739218637e-09,0.4818678940166057,-0.597472545912465,-1.0793404399290707,1.9412003693474278e-08,7.7119296347246,False,ns
Alistipes finegoldii,2.509565757971749e-08,-1.3052641207825846,1.377937865521646,2.6832019863042307,5.942605816637042e-08,7.226023076293529,True,Lower in CD
Proteobacteria bacterium CAG 139,2.5329139546321814e-08,0.7457704418040917,0.1006722246588797,-0.645098217145212,5.942605816637042e-08,7.226023076293529,False,ns
Paraprevotella xylaniphila,3.847412305821445e-08,0.04484936133378903,-1.190645133091068,-1.235494494424857,8.856307571890874e-08,7.052747309196241,False,ns
Ruminococcus torques,4.320891321000383e-08,-0.8626173673121171,0.3247957593489972,1.1874131266611143,9.762013725223088e-08,7.01046058606851,False,ns
Alistipes indistinctus,4.647266799692047e-08,0.4400676285923154,-0.7543165023458808,-1.1943841309381962,1.0308482719316903e-07,6.986805252768876,False,ns
Veillonella infantium,5.122021998652565e-08,0.18807067003375977,-1.199496805294706,-1.3875674753284657,1.1158690782778801e-07,6.952386756936859,False,ns
Roseburia hominis,1.1291049191344105e-07,-0.948268355299144,0.8710750803771607,1.8193434356763047,2.416680704112247e-07,6.616780725513862,False,ns
Escherichia coli,4.888592646402538e-07,0.912890801169097,1.0025764134359025,0.08968561226680553,1.0282901773467408e-06,5.9878843127362655,False,ns
Coprococcus catus,1.2844646297317313e-06,0.2304670016494359,-1.1768851915815643,-1.4073521932310002,2.656011607241885e-06,5.575770031355946,False,ns
Veillonella parvula,1.5067125022293057e-06,0.4709282991828058,-0.019678282583382802,-0.4906065817661886,3.0636487545329216e-06,5.513761027783673,False,ns
Bifidobacterium bifidum,4.823787183101153e-06,0.1919196914856358,-0.9182663791233148,-1.1101860706089506,9.647574366202306e-06,5.015581865080295,False,ns
Eubacterium ramulus,4.904014730809277e-06,0.3030246866131514,-1.0495201213398886,-1.35254480795304,9.64983543804406e-06,5.015480092765926,False,ns
Veillonella dispar,9.2182489093703e-06,0.09088543219141032,-0.7817395342485928,-0.8726249664400031,1.7851212173701215e-05,4.748332288096585,False,ns
Gemmiger formicilis,2.63482517554485e-05,-0.659664925963913,-1.1983359492832517,-0.5386710233193387,5.02263549088237e-05,4.299068338870629,False,ns
Ruminococcus bicirculans,5.809225610504133e-05,-1.0351894585844137,0.04735414700124817,1.0825436055856619,0.00010903469607407755,3.9624352826483,True,Lower in CD
Eubacterium ventriosum,0.00032923756710954386,-0.824785176330863,-0.8347820034046705,-0.009996827073807424,0.0006085906543540052,3.2156747210439853,False,ns
Bifidobacterium adolescentis,0.0003592704701582496,-0.9032112455768184,-0.9594009635781826,-0.05618971800136419,0.0006541939904374097,3.1842934497125035,False,ns
Dorea formicigenerans,0.00045431539273470067,-0.5232272339398147,-0.20515784641318713,0.3180693875266276,0.0008150952634357866,3.088791630564665,False,ns
Monoglobus pectinilyticus,0.0004752049240855772,0.004081392602791611,-1.2942379404519984,-1.29831933305479,0.000840217402006383,3.0756083278955253,False,ns
Haemophilus parainfluenzae,0.0007381721534175416,0.25943086374659674,-0.2247617833488159,-0.48419264709541265,0.0012865286102420011,2.8905805513641925,False,ns
Agathobaculum butyriciproducens,0.0012326908973302225,-0.5642740829375092,-0.17593346546759644,0.3883406174699128,0.0021181449221730586,2.6740443290505853,False,ns
Bacteroides faecis,0.0016502914830039844,-0.17005066302879257,-0.3415455820800943,-0.1714949190513017,0.0027963272350900845,2.5534120074334634,False,ns
Blautia wexlerae,0.001840454952749247,0.46621126976218574,0.6771952426375397,0.210983972875354,0.003075828825142577,2.512037837389644,False,ns
Phascolarctobacterium faecium,0.0019864106274370837,-0.08465134259346999,-0.2693726616768702,-0.1847213190834002,0.0032748931965854624,2.484802858997368,False,ns
Roseburia intestinalis,0.002501767575221248,-0.9224662231531882,1.36000583470746,2.282472057860648,0.004069541922359897,2.390454473277871,False,ns
Oscillibacter sp 57 20,0.006158183259889046,-1.0535886323546388,0.4743513077585824,1.5279399401132212,0.009885504706663995,2.00500115278191,True,Lower in CD
Bacteroides dorei,0.007156669471442059,-0.08859225449314245,0.9410149871480592,1.0296072416412017,0.011339138643064042,1.9454199345764565,False,ns
Eubacterium rectale,0.007624404293138806,-0.7662865702300046,3.107542113638936,3.8738286838689406,0.011925350304653004,1.9235288547915559,False,ns
Bifidobacterium longum,0.011647975702315183,0.3117789952539986,0.6070231694324957,0.2952441741784971,0.017988013109904458,1.7450168045843553,False,ns
Bacteroides ovatus,0.01216143781419383,0.2539199220219013,3.5094750518736806,3.2555551298517793,0.018546192666645592,1.7317452328725595,False,ns
Bacteroides uniformis,0.013121125282080733,0.05801442275257074,5.281641797520727,5.2236273747681565,0.019762682523627773,1.704154105996443,False,ns
Lawsonibacter asaccharolyticus,0.013420938588688345,0.3050825113703617,-0.13676162303179343,-0.4418441344021551,0.019967737900243636,1.6996711325798495,False,ns
Barnesiella intestinihominis,0.014756685149512816,-1.3925473473097512,-0.14955329641607787,1.2429940508936732,0.021690549255910404,1.6637294504850768,True,Lower in CD
Faecalibacterium prausnitzii,0.0161980281193224,-0.8235313157454662,5.450605513932484,6.27413682967795,0.023525707506634914,1.6284573068334545,False,ns
Eubacterium eligens,0.01862078783686066,-0.6811674716592653,1.3282237571169833,2.0093912287762485,0.026726307248200007,1.5730610432082406,False,ns
Eubacterium siraeum,0.019940842006475945,-1.0337184221428026,0.1348246797356811,1.1685431018784838,0.02828817121848913,1.5483951280251942,True,Lower in CD
Bilophila wadsworthia,0.030528685550577524,0.15647567069030027,-0.2899912720505069,-0.44646694274080717,0.0428103406571317,1.368451316316032,False,ns
Prevotella copri,0.03742206714908299,-0.8992796239501798,-0.7038507561014709,0.19542886784870897,0.05188059309304687,1.2849950677543953,False,ns
Fusicatenibacter saccharivorans,0.04268820533617897,-0.5307527986874905,2.021929734253663,2.5526825329411533,0.058516416303526234,1.2327222790481067,False,ns
Bacteroides faecis CAG 32,0.04532443467106459,-0.6739057616329541,-1.30460656878905,-0.6307008071560959,0.06143978922077644,1.2115502828920834,False,ns
Collinsella aerofaciens,0.053811083230756125,-0.3291063397059804,0.3828485914732295,0.7119549311792099,0.0721423313643104,1.1418098270537647,False,ns
Eubacterium hallii,0.07189629625668535,-0.3161068041464559,-0.16938428957109847,0.14672251457535745,0.09527454442618744,1.0210231192145822,False,ns
Bacteroides thetaiotaomicron,0.07262731665274944,-0.7008008691667138,2.4735240045816314,3.174324873748345,0.09527454442618744,1.0210231192145822,False,ns
Bacteroides xylanisolvens,0.09373167775616541,0.19116748578802323,2.346639623596663,2.1554721378086397,0.12165175198140617,0.9148816321472346,False,ns
Ruminococcus bromii,0.10296661336769902,-1.0016760783144654,-0.3967532772640555,0.6049228010504097,0.13223080874588716,0.8786673458376224,False,ns
Ruminococcus lactaris,0.12415995873915966,-0.8427271641298699,-0.9729359003548226,-0.13020873622495266,0.15456647924670897,0.8108846854283617,False,ns
Clostridium sp CAG 58,0.12298035372030078,0.1264256159671201,0.03405779064909515,-0.09236782531802495,0.15456647924670897,0.8108846854283617,False,ns
Blautia obeum,0.12270078963428865,0.18816051551002022,0.33783610844872,0.14967559293869975,0.15456647924670897,0.8108846854283617,False,ns
Oscillibacter sp CAG 241,0.13572021876306786,-0.565428650219075,-1.2582976199343603,-0.6928689697152853,0.16725117867772,0.7766308129238105,False,ns
Clostridium leptum,0.1388285021461987,-0.4947816095658215,-0.43853598273044453,0.056245626835376955,0.16937077261836242,0.7711615313471556,False,ns
Butyricimonas virosa,0.22943787269326887,-0.1717888567494722,-1.0419582535760368,-0.8701693968265646,0.2771427769166218,0.5572964358019248,False,ns
Roseburia faecis,0.2368436812032947,-0.4469072158000862,2.386797382473126,2.8337045982732123,0.28328361869413676,0.5477785384920468,False,ns
Akkermansia muciniphila,0.2575426900096508,-0.7578599429361279,-0.018185664776981643,0.7396742781591462,0.30505056486579996,0.5156281664825335,False,ns
Dorea longicatena,0.30111043784865166,-0.27399918406715207,1.4215891822659592,1.6955883663331113,0.3532257059378414,0.45194769824078923,False,ns
Bacteroides vulgatus,0.3227166054310677,-0.46094716388884827,5.261093343498956,5.7220405073878045,0.37496596059609777,0.42600815572899486,False,ns
Parabacteroides goldsteinii,0.32679237818459905,-0.8601318764683855,-1.6657732391456694,-0.8056413626772839,0.3761195296086895,0.424674115710585,False,ns
Coprococcus comes,0.349447560189613,0.07307407069437338,0.3560058926488381,0.2829318219544647,0.3984355359171288,0.3996419343937415,False,ns
Bacteroides stercoris,0.36217114923992133,-0.9649064198136261,1.834681144935447,2.799587564749073,0.40911926117842967,0.38815007360210824,False,ns
Eubacterium sp CAG 38,0.41763112475595743,-0.5721410740566691,-0.01602958939284303,0.5561114846638261,0.4674403414699707,0.3302738094410932,False,ns
Bacteroides cellulosilyticus,0.4358622929040389,-0.682973589613352,-0.22653677050043564,0.45643681911291634,0.48341090667538855,0.31568355530300196,False,ns
Parabacteroides merdae,0.44062733354559436,-0.5807710643531729,1.8382820154031516,2.4190530797563246,0.484293105338401,0.3148917137632919,False,ns
Butyricimonas synergistica,0.4698371913358127,-0.5824616646272455,-1.3433573287344225,-0.760895664107177,0.5117869405622245,0.2909108003443484,False,ns
Bacteroides massiliensis,0.6914295300992501,-1.0426884364890967,-0.790258392941252,0.25243004354784465,0.7464991386912257,0.12697068902651595,False,ns
Anaerostipes hadrus,0.7684717958058501,-0.11266155428129654,2.0633891029729017,2.176050657254198,0.8223996411255589,0.08491708786390587,False,ns
Parasutterella excrementihominis,0.7866678195406911,0.010737675306777161,0.820041481302497,0.8093038059957198,0.8345519476866462,0.07854662496258,False,ns
Ruthenibacterium lactatiformans,0.8286065442258856,-0.046501746372942576,0.6247527547188305,0.6712545010917731,0.8714655034099832,0.059749799575452796,False,ns
Parabacteroides distasonis,0.848595063578512,-0.4894375207449171,3.412129393104869,3.901566913849786,0.884859809885286,0.053125529998167484,False,ns
Bacteroides caccae,0.8812112530391873,-0.48972837205383524,3.0341205495062056,3.523848921560041,0.9110828209388209,0.04044214219075503,False,ns
Bacteroides finegoldii,0.9070876144189525,-1.0002372729549922,-1.226771226769728,-0.22653395381473565,0.9178991193152763,0.037205046829442104,False,ns
Odoribacter splanchnicus,0.9103753560422003,-0.4633050188376764,1.6959634742050391,2.1592684930427155,0.9178991193152763,0.037205046829442104,False,ns
Bacteroides eggerthii,0.8963225800522157,-0.8612558034821312,-1.3548273408303249,-0.49357153734819376,0.9178991193152763,0.037205046829442104,False,ns
Lachnospira pectinoschiza,0.9874063450758379,-0.5470983599399849,-0.07125344302457681,0.4758449169154081,0.9874063450758379,0.005504086330008232,False,ns
