species,p_raw,clr_fc,mean_CD,mean_UC,p_adj,-log10p,significant,direction
Bacteroides xylanisolvens,7.503026485246484e-16,1.8734473843298962,2.346639623596663,0.4731922392667666,9.15369231200071e-14,13.038403689838155,True,Higher in CD
Odoribacter splanchnicus,1.9813218726321755e-14,1.5534529819391654,1.6959634742050391,0.14251049226587378,1.208606342305627e-12,11.9177151310696,True,Higher in CD
Sutterella parvirubra,3.0698172593740367e-09,0.8326864531597725,-0.6868141677056417,-1.5195006208654143,1.2483923521454416e-07,6.903648900557175,False,ns
Alistipes indistinctus,2.4181193770416182e-08,0.7664898104203789,-0.7543165023458808,-1.5208063127662597,7.375264099976935e-07,6.1322224234706075,False,ns
Dorea formicigenerans,3.3544927459216647e-07,-0.6794509893802618,-0.20515784641318713,0.4742931429670747,8.184962300048863e-06,5.086983316608601,False,ns
Alistipes putredinis,6.515401704176509e-07,1.1685614736906458,2.4322641770581472,1.2637027033675015,1.3247983465158903e-05,4.87785022260288,True,Higher in CD
Roseburia inulinivorans,1.8679339443737984e-06,-0.9039387948446762,1.0981543678824208,2.002093162727097,3.2555420173371915e-05,4.487376695101318,False,ns
Anaerotruncus colihominis,4.221115421192776e-06,0.5562628471675848,-0.9378232927887453,-1.49408613995633,6.437201017318983e-05,4.191302928753694,False,ns
Bacteroides fragilis,5.434044949734378e-06,1.0761721419606052,2.5278910283288645,1.4517188863682593,7.366149820751046e-05,4.132759452238674,True,Higher in CD
Dialister invisus,6.771003594677467e-06,0.7164541797885979,0.343162713024209,-0.3732914667643889,8.26062438550651e-05,4.0829871249639265,False,ns
Proteobacteria bacterium CAG 139,7.482746731356953e-06,-0.7623557765028314,0.1006722246588797,0.8630280011617111,8.299046374777711e-05,4.08097180858365,False,ns
Bifidobacterium adolescentis,8.82453634283431e-06,-0.8708175625677448,-0.9594009635781826,-0.08858340101043785,8.971611948548216e-05,4.047129519334373,False,ns
Roseburia intestinalis,1.3385194780531624e-05,-1.07196038303454,1.36000583470746,2.431966217742,0.00012561490486345063,3.9009588262365504,True,Lower in CD
Clostridium bolteae,3.7355168434118626e-05,0.7200978090596275,0.6126933785819152,-0.10740443047771234,0.00031622001496722107,3.500010645109933,False,ns
Clostridium saccharolyticum,3.887951003695341e-05,0.6613923996597237,-0.7436284028250519,-1.4050208024847757,0.00031622001496722107,3.500010645109933,False,ns
Eubacterium eligens,4.230700878960813e-05,-0.8566425022021074,1.3282237571169833,2.1848662593190906,0.00032259094202076195,3.4913478312608466,False,ns
Eubacterium hallii,5.190515739629587e-05,-0.5505174973485812,-0.16938428957109847,0.3811332077774828,0.000372495835432241,3.4288785783758433,False,ns
Lawsonibacter asaccharolyticus,5.806465246470858e-05,0.6312925845790209,-0.13676162303179343,-0.7680542076108143,0.0003935493111496915,3.4050008434358388,False,ns
Acidaminococcus intestini,8.599676925629885e-05,0.5522593925286716,-0.7901779496182697,-1.3424373421469413,0.0005521897815404452,3.2579116343893664,False,ns
Blautia obeum,9.963179890060546e-05,-0.6807289846280795,0.33783610844872,1.0185650930767995,0.0006028374101727923,3.2197998045865353,False,ns
Ruminococcus lactaris,0.00010376709519367736,-0.5837377208757955,-0.9729359003548226,-0.38919817947902713,0.0006028374101727923,3.2197998045865353,False,ns
Bacteroides ovatus,0.00012296990166954015,-0.8529575855559779,3.5094750518736806,4.3624326374296585,0.0006819240001674499,3.1662640243861837,False,ns
Turicimonas muris,0.00013384287080575287,-0.45571408706234073,-0.597472545912465,-0.1417584588501243,0.0007099491407957327,3.1487727620737584,False,ns
Clostridium aldenense,0.00017290679317783582,0.2721273855018802,-1.3428089878833647,-1.6149363733852449,0.0008789428653206655,3.0560393548265945,False,ns
Akkermansia muciniphila,0.0002121835139107848,0.6510645943489712,-0.018185664776981643,-0.6692502591259529,0.0010354555478846298,2.9848685406360977,False,ns
Bacteroides massiliensis,0.00029286961986553614,-0.860813670707152,-0.790258392941252,0.07055527776589997,0.001374234370138285,2.861939193784678,False,ns
Parasutterella excrementihominis,0.0005275673266011482,-0.6605650595477959,0.820041481302497,1.4806065408502929,0.0023838227350125958,2.6227260425845556,False,ns
Clostridium citroniae,0.0013694994668909874,0.38804639877845704,-1.1091571047803934,-1.4972035035588505,0.005967104820025017,2.224236333136525,False,ns
Blautia sp CAG 257,0.001541451022024787,0.41250609491482093,-1.1040313603637832,-1.5165374552786042,0.006484724989207725,2.188108437190092,False,ns
Clostridium clostridioforme,0.0017565617738951014,0.8917505032884432,-0.38886057688674597,-1.280611080175189,0.007143351213840079,2.1460979965949085,False,ns
Bilophila wadsworthia,0.002120412868676277,0.4208987448277315,-0.2899912720505069,-0.7108900168782384,0.008137745508887986,2.089495895929505,False,ns
Clostridium bolteae CAG 59,0.0021344906252820945,0.2579915861537786,-0.7624856448099807,-1.0204772309637593,0.008137745508887986,2.089495895929505,False,ns
Anaeromassilibacillus sp An250,0.002589435769063213,-0.33366939485809044,-1.004731013208519,-0.6710616183504285,0.00957306557047612,2.018948966387315,False,ns
Ruminococcus gnavus,0.004496435351370036,0.5787138748046621,0.9583939988101109,0.3796801240054488,0.016134268025504248,1.792250732751264,False,ns
Intestinibacter bartlettii,0.007097190795773152,0.35401679614272585,-1.1328418673838756,-1.4868586635266015,0.024738779345266415,1.60662173302919,False,ns
Bifidobacterium pseudocatenulatum,0.0077636258648066,0.2789148816571314,-1.090872624900474,-1.3697875065576055,0.026310065430733477,1.5798780718621814,False,ns
Eubacterium ventriosum,0.01345654505479488,-0.4822230563563537,-0.8347820034046705,-0.35255894704831675,0.04437022964013447,1.3529083235668542,False,ns
Hungatella hathewayi,0.01524696985325483,0.1830580790610753,-0.8587737294949734,-1.0418318085560487,0.0489507979499234,1.3102402243424771,False,ns
Roseburia faecis,0.01966173270782324,0.5660482290327586,2.386797382473126,1.8207491534403675,0.061505933086011155,1.2110829885785335,False,ns
Veillonella parvula,0.020638976048421055,0.5989718399392809,-0.019678282583382802,-0.6186501225226637,0.06294887694768422,1.2010120136065456,False,ns
Roseburia hominis,0.021272574942042807,0.3189971851066131,0.8710750803771607,0.5520778952705476,0.06329888153485909,1.1986039637193007,False,ns
Bacteroides stercoris,0.022852239573401503,-0.8353683885403971,1.834681144935447,2.670049533475844,0.06638031495130912,1.1779606913475544,False,ns
Bacteroides caccae,0.024729146281723846,0.4462547802100665,3.0341205495062056,2.587865769296139,0.07016176386907695,1.153899501327054,False,ns
Parabacteroides merdae,0.02754635949627917,-0.5740798087602341,1.8382820154031516,2.4123618241633857,0.07637854223968316,1.1170286348250098,False,ns
Dielma fastidiosa,0.029274977185885922,-0.3640353917311373,-1.2877050422275391,-0.9236696504964018,0.07936771592617961,1.1003561178035974,False,ns
Bacteroides finegoldii,0.03171858641706332,-0.8241073845837571,-1.226771226769728,-0.40266384218597084,0.08412320745395055,1.0750841768678427,False,ns
Eggerthella lenta,0.03487992073613269,0.18905334909096405,-1.3521718985652011,-1.5412252476561652,0.09034945699082145,1.0440744532480248,False,ns
Collinsella stercoris,0.03554732734065106,-0.18637658679399616,-1.56308294248416,-1.3767063556901638,0.09034945699082145,1.0440744532480248,False,ns
Parabacteroides distasonis,0.03665756212116275,-0.6388320313146076,3.412129393104869,4.0509614244194765,0.09126984854656849,1.0396726701386871,False,ns
Lactobacillus rogosae,0.03741401812640828,0.23134657032375205,-1.2707443313540907,-1.5020909016778428,0.0912902042284362,1.039575821346054,False,ns
Clostridium lavalense,0.04945203342444107,0.24018850508601508,-0.8785379747669577,-1.1187264798529728,0.11829702113297667,0.9270261913128894,False,ns
Oscillibacter sp CAG 241,0.050866755240686144,-0.3600592492814767,-1.2582976199343603,-0.8982383706528836,0.11934123344930211,0.9232094778254439,False,ns
Clostridium innocuum,0.05191680333578653,0.23328914780018994,-1.3030209613191763,-1.5363101091193663,0.11950660390501805,0.922608095048368,False,ns
Bacteroides eggerthii,0.05509277650162272,-0.8032738309616924,-1.3548273408303249,-0.5515535098686325,0.12446886542959207,0.9049392691555761,False,ns
Eubacterium siraeum,0.0619622093266584,0.36245315138698464,0.1348246797356811,-0.22762847165130354,0.13473562320327745,0.8705175645203607,False,ns
Bifidobacterium longum,0.06276400679199907,-0.26065377069101514,0.6070231694324957,0.8676769401235108,0.13473562320327745,0.8705175645203607,False,ns
Collinsella aerofaciens,0.06295025018513782,-0.36195620041888527,0.3828485914732295,0.7448047918921148,0.13473562320327745,0.8705175645203607,False,ns
Eisenbergiella massiliensis,0.06486978280428325,0.1390471265445123,-0.37693607048390915,-0.5159831970284214,0.1364502327952165,0.8650257190516757,False,ns
Bacteroides intestinalis,0.07261624521922706,0.1511545775086065,-1.2175998873884524,-1.3687544648970589,0.15015562570755428,0.8234583919499917,False,ns
Clostridium leptum,0.07872317346027978,-0.22964327383356495,-0.43853598273044453,-0.20889270889687958,0.15796974547936732,0.8014260815868162,False,ns
Bacteroides faecis,0.07898487273968366,0.2828875565323821,-0.3415455820800943,-0.6244331386124764,0.15796974547936732,0.8014260815868162,False,ns
Clostridium spiroforme,0.09295571443695076,0.054810410059519254,-1.3545779513868559,-1.4093883614463751,0.1829128574404515,0.7377557657145037,False,ns
Ruminococcus bromii,0.09445996931098133,0.19206079318825686,-0.3967532772640555,-0.5888140704523124,0.18292248025301144,0.7377329186356925,False,ns
Dorea longicatena,0.09739392985994567,-0.29223575135488833,1.4215891822659592,1.7138249336208475,0.18565717879552143,0.73128825327324,False,ns
Parabacteroides goldsteinii,0.10099208844822646,-0.34251362743463676,-1.6657732391456694,-1.3232596117110327,0.18955438139513273,0.7222661727583168,False,ns
Veillonella atypica,0.11498103669701586,0.1932615992048322,-0.7736027303074223,-0.9668643295122545,0.21254070419751414,0.6725578848347459,False,ns
Firmicutes bacterium CAG 94,0.12404744334735296,-0.16024814094937057,-1.2210813416509925,-1.060833200701622,0.22587743415488148,0.6461271542568578,False,ns
Gemmiger formicilis,0.14535424780884568,0.10086412388483668,-1.1983359492832517,-1.2992000731680884,0.2607826210688114,0.5837213539884365,False,ns
Eubacterium rectale,0.15441904076623386,-0.37697279639189407,3.107542113638936,3.48451491003083,0.26610469532315684,0.5749474624085977,False,ns
Veillonella sp T11011 6,0.1515804361297512,0.1257782660795923,-1.4618047048060523,-1.5875829708856446,0.26610469532315684,0.5749474624085977,False,ns
Ruminococcaceae bacterium D16,0.15486420793396832,0.06643906603048455,-1.404690459797977,-1.4711295258284616,0.26610469532315684,0.5749474624085977,False,ns
Clostridium sp CAG 58,0.16820205093189944,-0.20819082660850408,0.03405779064909515,0.24224861725759922,0.28110479744783196,0.5511317424845494,False,ns
Paraprevotella xylaniphila,0.16644712257712235,0.09457593088371108,-1.190645133091068,-1.285221063974779,0.28110479744783196,0.5511317424845494,False,ns
Fusicatenibacter saccharivorans,0.1714096149171378,0.2181912710767333,2.021929734253663,1.8037384631769295,0.28259422999852446,0.5488367098101202,False,ns
Eubacterium sp CAG 38,0.17634160354584316,-0.42971112023519453,-0.01602958939284303,0.4136815308423515,0.28684900843457156,0.5423466470265752,False,ns
Alistipes finegoldii,0.19629225402362493,0.35346865775002523,1.377937865521646,1.0244692077716209,0.3091660781477455,0.5098081631412471,False,ns
Bifidobacterium bifidum,0.197663558160034,-0.30609121622111,-0.9182663791233148,-0.6121751629022048,0.3091660781477455,0.5098081631412471,False,ns
Escherichia coli,0.19439924566408318,0.4096796815030779,1.0025764134359025,0.5928967319328247,0.3091660781477455,0.5098081631412471,False,ns
Clostridium sp CAG 242,0.22131033636035102,-0.31786666512041584,-1.3994592278401188,-1.081592562719703,0.3417703928602889,0.46626556237107775,False,ns
Clostridium asparagiforme,0.26699077224734025,-0.16067312455957028,-1.5223221191347116,-1.3616489945751413,0.4071609276771939,0.3902339048077306,False,ns
Bacteroides thetaiotaomicron,0.2730908323541388,-0.26541496704064826,2.4735240045816314,2.7389389716222796,0.41132199440993744,0.38581806706393934,False,ns
Clostridium symbiosum,0.3110558249086921,-0.14281215702603944,-0.1446843075529002,-0.001872150526860755,0.4627903736446395,0.33461568324771684,False,ns
Bacteroides dorei,0.3197305578276636,-0.3883310200593323,0.9410149871480592,1.3293460072073915,0.46996539825271033,0.3279341163219453,False,ns
Veillonella infantium,0.3297586587779545,0.06051916400127566,-1.199496805294706,-1.2600159692959816,0.4789351948917911,0.3197232473473073,False,ns
Ruthenibacterium lactatiformans,0.3425491827333229,0.14871214697779894,0.6247527547188305,0.4760406077410316,0.4859418638775046,0.31341568486823124,False,ns
Butyricimonas synergistica,0.34065512650304874,0.13322869277461624,-1.3433573287344225,-1.4765860215090387,0.4859418638775046,0.31341568486823124,False,ns
Haemophilus parainfluenzae,0.354510637139679,0.1564494339574546,-0.2247617833488159,-0.3812112173062705,0.4928728697165266,0.3072650870120133,False,ns
Bacteroides uniformis,0.35828769167552177,-0.053482771870061896,5.281641797520727,5.335124569390789,0.4928728697165266,0.3072650870120133,False,ns
Prevotella copri,0.3635947399548147,-0.11204141820273661,-0.7038507561014709,-0.5918093378987342,0.4928728697165266,0.3072650870120133,False,ns
Faecalibacterium prausnitzii,0.36289974090637445,-0.5621441055217611,5.450605513932484,6.012749619454245,0.4928728697165266,0.3072650870120133,False,ns
Oscillibacter sp 57 20,0.3990320657880283,0.26109778857311194,0.4743513077585824,0.21325351918547045,0.5349660662213126,0.2716737651193852,False,ns
Eisenbergiella tayi,0.4075532376784584,0.11595282675829144,-1.1835526439496977,-1.2995054707079892,0.5404510325736079,0.26724364906767184,False,ns
Bacteroides vulgatus,0.41971399659045805,-0.5609045943218245,5.261093343498956,5.821997937820781,0.5486326260894017,0.2607183693358023,False,ns
Butyricimonas virosa,0.42721393015158327,0.07918091068871136,-1.0419582535760368,-1.1211391642647481,0.5486326260894017,0.2607183693358023,False,ns
Ruminococcus bicirculans,0.4264476770126534,-0.1409400754641718,0.04735414700124817,0.18829422246542,0.5486326260894017,0.2607183693358023,False,ns
Holdemania filiformis,0.44062257632188895,-0.03435401613279898,-0.9694243056853319,-0.9350702895525329,0.5599578574090672,0.2518446568927209,False,ns
Coprococcus comes,0.4653293066734262,-0.1337569034117297,0.3560058926488381,0.4897627960605678,0.5810685303917581,0.23577264451870802,False,ns
Alistipes shahii,0.4673439483826163,0.1518661521449427,-0.20919858074479086,-0.36106473288973356,0.5810685303917581,0.23577264451870802,False,ns
Bacteroides faecis CAG 32,0.4715228238424922,-0.1351814194812897,-1.30460656878905,-1.1694251493077603,0.5810685303917581,0.23577264451870802,False,ns
Lachnospira pectinoschiza,0.5054037542251693,-0.3343661865634838,-0.07125344302457681,0.263112743538907,0.6165925801547065,0.21000170571599128,False,ns
Streptococcus thermophilus,0.5641534771666626,-0.0871226359622379,-1.45378808573486,-1.366665449772622,0.6814527149933944,0.1665642738423631,False,ns
Agathobaculum butyriciproducens,0.5844928133586698,-0.029874034250613163,-0.17593346546759644,-0.14605943121698328,0.6990992473505657,0.15546116543167307,False,ns
Haemophilus sp HMSC71H05,0.6047072771146479,-0.1806510061959281,-1.2669606309753392,-1.086309624779411,0.7027902338048578,0.15317428222815022,False,ns
Barnesiella intestinihominis,0.5941808631429248,0.1292062382830281,-0.14955329641607787,-0.27875953469910597,0.7027902338048578,0.15317428222815022,False,ns
Anaerotignum lactatifermentans,0.6048604471271317,-0.12384581623726587,-0.9627526842256116,-0.8389068679883457,0.7027902338048578,0.15317428222815022,False,ns
Ruminococcus torques,0.634741317343739,0.008176815198820464,0.3247957593489972,0.3166189441501767,0.7305513275088317,0.13634926573822512,False,ns
Anaerostipes hadrus,0.6695406700533765,-0.07753236924210105,2.0633891029729017,2.1409214722150027,0.7634015116496442,0.11724698441777011,False,ns
Flavonifractor plautii,0.6956325810606787,0.11229486663131683,3.3246396334892276,3.212344766857911,0.7858071749018778,0.10468401013089622,False,ns
Eubacterium ramulus,0.7309853230037802,0.08665189012457986,-1.0495201213398886,-1.1361720114644684,0.8052402667723456,0.09407451594957303,False,ns
Streptococcus salivarius,0.7296651689862078,0.008272846134203315,-0.9739422579532215,-0.9822151040874249,0.8052402667723456,0.09407451594957303,False,ns
Collinsella intestinalis,0.7326366361617243,-0.18831681110521203,-1.4997555271555907,-1.3114387160503787,0.8052402667723456,0.09407451594957303,False,ns
Veillonella dispar,0.747719628724968,-0.022243708509555038,-0.7817395342485928,-0.7594958257390377,0.8144803098611259,0.08911941033892741,False,ns
Firmicutes bacterium CAG 83,0.7887954515341016,0.10970569716117168,-0.2719758138965441,-0.3816815110577158,0.8516198680279681,0.06975421515966496,False,ns
Intestinimonas butyriciproducens,0.8400639436608645,-0.14408193909604516,-0.5646966450778903,-0.42061470598184514,0.8685406875137751,0.06120983185267187,False,ns
Bacteroides cellulosilyticus,0.8392060913871481,-0.07342915754226181,-0.22653677050043564,-0.15310761295817382,0.8685406875137751,0.06120983185267187,False,ns
Blautia wexlerae,0.8237983679496579,0.06558443784253098,0.6771952426375397,0.6116108047950087,0.8685406875137751,0.06120983185267187,False,ns
Coprococcus catus,0.8385199470396352,-0.1443446429909716,-1.1768851915815643,-1.0325405485905927,0.8685406875137751,0.06120983185267187,False,ns
Erysipelatoclostridium ramosum,0.8352624462863762,-0.03542539418610979,-1.1422268389092607,-1.106801444723151,0.8685406875137751,0.06120983185267187,False,ns
Sellimonas intestinalis,0.8546756924376578,-0.27756001065890556,-1.5265307564881423,-1.2489707458292367,0.876222138465498,0.05738577821565892,False,ns
Streptococcus parasanguinis,0.9212369979903625,0.003617034585780554,-0.9621918413860602,-0.9658088759718407,0.9365909479568686,0.028450043939567102,False,ns
Monoglobus pectinilyticus,0.9458421516620553,-0.04738294251074704,-1.2942379404519984,-1.2468549979412513,0.950735189786193,0.02194043114828063,False,ns
Phascolarctobacterium faecium,0.950735189786193,-0.06247480298160621,-0.2693726616768702,-0.20689785869526398,0.950735189786193,0.02194043114828063,False,ns
