species,p_raw,clr_fc,mean_UC,mean_H,p_adj,-log10p,significant,direction
Alistipes putredinis,1.8206506538508386e-25,-3.30455080342594,1.2637027033675015,4.568253506793441,2.221193797698023e-23,22.653413547890487,True,Lower in UC
Dielma fastidiosa,2.0322087821787676e-23,1.100753606531494,-0.9236696504964018,-2.024423257027896,1.2396473571290481e-21,20.906701841155755,True,Higher in UC
Clostridium symbiosum,2.920394850504012e-19,1.2738018884751692,-0.001872150526860755,-1.27567403900203,1.1876272392049649e-17,16.92531985006156,True,Higher in UC
Erysipelatoclostridium ramosum,9.489169753733823e-18,0.870679421466503,-1.106801444723151,-1.977480866189654,2.5236952768009717e-16,15.59796308508289,False,ns
Clostridium sp CAG 242,1.0343013429512178e-17,0.9575533024949792,-1.081592562719703,-2.039145865214682,2.5236952768009717e-16,15.59796308508289,False,ns
Proteobacteria bacterium CAG 139,3.7453872109205274e-17,1.508126218306923,0.8630280011617111,-0.645098217145212,7.615620662205073e-16,15.118294696505679,True,Higher in UC
Collinsella stercoris,1.737654105000371e-16,0.6410166758060585,-1.3767063556901638,-2.0177230314962222,3.0284828687149323e-15,14.518774878676796,False,ns
Collinsella intestinalis,9.309272917853686e-16,0.8188601844129384,-1.3114387160503787,-2.130298900463317,1.419664119972687e-14,13.847814393713396,False,ns
Clostridium lavalense,1.1164648202447491e-15,0.7964199315262221,-1.1187264798529728,-1.915146411379195,1.5134300896651045e-14,13.820037635740718,False,ns
Anaeromassilibacillus sp An250,2.4540442096800147e-15,0.9087646666548399,-0.6710616183504285,-1.5798262850052684,2.792382264667699e-14,13.554025129003065,False,ns
Odoribacter splanchnicus,2.5177217140446468e-15,-2.0167580007768415,0.14251049226587378,2.1592684930427155,2.792382264667699e-14,13.554025129003065,True,Lower in UC
Turicimonas muris,3.385093160878903e-14,0.9375819810789464,-0.1417584588501243,-1.0793404399290707,3.441511380226885e-13,12.463250790003444,False,ns
Firmicutes bacterium CAG 94,2.104861230760809e-12,0.4246545248375617,-1.060833200701622,-1.4854877255391836,1.9753313088678365e-11,10.704360052672481,False,ns
Alistipes shahii,4.013922230743901e-12,-1.4999182738003103,-0.36106473288973356,1.1388535409105767,3.497846515362542e-11,10.456199251173391,True,Lower in UC
Firmicutes bacterium CAG 83,1.0936097232915811e-11,-1.349399025109673,-0.3816815110577158,0.9677175140519572,8.89469241610486e-11,10.050869065488772,True,Lower in UC
Alistipes finegoldii,1.363470847693717e-11,-1.6587327785326098,1.0244692077716209,2.6832019863042307,1.0396465213664591e-10,9.983114295234222,True,Lower in UC
Eisenbergiella massiliensis,1.6413180999464655e-11,0.9147299946535552,-0.5159831970284214,-1.4307131916819766,1.1736503131143444e-10,9.930461281032905,False,ns
Clostridium asparagiforme,1.731615216070344e-11,0.7452913602432607,-1.3616489945751413,-2.106940354818402,1.1736503131143444e-10,9.930461281032905,False,ns
Clostridium spiroforme,2.2612931879945264e-11,0.533758560575994,-1.4093883614463751,-1.9431469220223692,1.45198825755438e-10,9.83803689582598,False,ns
Roseburia hominis,1.0348788760778723e-10,-1.2672655404057571,0.5520778952705476,1.8193434356763047,6.312761144075021e-10,9.199780642760821,True,Lower in UC
Streptococcus parasanguinis,1.097208531421715e-10,0.5384257531116604,-0.9658088759718407,-1.5042346290835011,6.374259087307107e-10,9.195570288226415,False,ns
Eggerthella lenta,2.155211806880302e-10,0.5018306834594863,-1.5412252476561652,-2.0430559311156515,1.1951629110881674e-09,8.922572892569903,False,ns
Clostridium innocuum,6.877599172019617e-10,0.3351862897647242,-1.5363101091193663,-1.8714963988840905,3.648117821679971e-09,8.437931143896485,False,ns
Flavonifractor plautii,8.851156445269758e-10,1.2013749615440394,3.212344766857911,2.0109698053138714,4.499337859678794e-09,8.346851394012706,True,Higher in UC
Streptococcus salivarius,9.652862425222688e-10,0.568237356121683,-0.9822151040874249,-1.5504524602091079,4.710596863508671e-09,8.326924061426203,False,ns
Clostridium bolteae CAG 59,1.3810441580986076e-09,0.7918201604504869,-1.0204772309637593,-1.8122973914142462,6.480284126462698e-09,8.188405952177282,False,ns
Haemophilus sp HMSC71H05,1.6864479090642766e-09,0.6322126409382256,-1.086309624779411,-1.7185222657176367,7.620246107623768e-09,8.118031002222478,False,ns
Clostridium clostridioforme,2.426924135022981e-09,0.30503905395350284,-1.280611080175189,-1.585650134128692,1.057445515974299e-08,7.975742000048702,False,ns
Bacteroides xylanisolvens,3.5031338751731017e-09,-1.682279898541873,0.4731922392667666,2.1554721378086397,1.473732181969374e-08,7.8315814326647315,True,Lower in UC
Clostridium aldenense,8.314636541099673e-09,0.4537700834961498,-1.6149363733852449,-2.0687064568813947,3.381285526713867e-08,7.470918154451466,False,ns
Holdemania filiformis,8.817491998913816e-09,0.49587074550161425,-0.9350702895525329,-1.4309410350541472,3.4701097544112434e-08,7.459656788903258,False,ns
Clostridium bolteae,9.769517704856602e-09,0.722269202812682,-0.10740443047771234,-0.8296736332903943,3.724628624976579e-08,7.428917023362366,False,ns
Bacteroides ovatus,1.5393218029896783e-08,1.1068775075778792,4.3624326374296585,3.2555551298517793,5.6908260595375984e-08,7.244824688427425,True,Higher in UC
Intestinimonas butyriciproducens,3.3887710236520576e-08,0.7674978179784232,-0.42061470598184514,-1.1881125239602683,1.21597077907515e-07,6.915076861443958,False,ns
Acidaminococcus intestini,3.964197831147471e-08,0.4078508935426455,-1.3424373421469413,-1.7502882356895868,1.381806101142833e-07,6.859552894090383,False,ns
Anaerotignum lactatifermentans,1.5971905650487718e-07,0.653792062036605,-0.8389068679883457,-1.4926989300249507,5.412701359331949e-07,6.2665859340344,False,ns
Clostridium saccharolyticum,1.6950160798362218e-07,0.5162026379133973,-1.4050208024847757,-1.921223440398173,5.588971938919434e-07,6.252668070882044,False,ns
Veillonella sp T11011 6,2.1928619770945854e-07,0.16995371364035483,-1.5875829708856446,-1.7575366845259994,7.0402410843563e-07,6.152412468725373,False,ns
Clostridium citroniae,2.3792032158928315e-07,0.3119039033811548,-1.4972035035588505,-1.8091074069400053,7.442635700998088e-07,6.128273238151525,False,ns
Bacteroides intestinalis,2.989363704052978e-07,0.2748786077383574,-1.3687544648970589,-1.6436330726354162,9.117559297361585e-07,6.040121403508211,False,ns
Ruminococcus torques,4.247107678687618e-07,-0.8707941825109375,0.3166189441501767,1.1874131266611143,1.2637735043899743e-06,5.898330754066074,False,ns
Veillonella atypica,8.711844774256876e-07,0.449493073540725,-0.9668643295122545,-1.4163574030529795,2.5305834820460447e-06,5.596779331070506,False,ns
Sellimonas intestinalis,9.114537343284655e-07,0.44585064715621536,-1.2489707458292367,-1.694821392985452,2.5859850136761115e-06,5.587373996275667,False,ns
Gemmiger formicilis,1.2523776187817023e-06,-0.7605290498487497,-1.2992000731680884,-0.5386710233193387,3.4725015793492653e-06,5.459357548066224,False,ns
Blautia obeum,1.4934938677243051e-06,0.8688895001380998,1.0185650930767995,0.14967559293869975,4.049027819163671e-06,5.392649239366985,False,ns
Bifidobacterium bifidum,2.3255461363225862e-06,0.49801090770674583,-0.6121751629022048,-1.1101860706089506,6.1677527963338165e-06,5.209873041140559,False,ns
Streptococcus thermophilus,3.1055499873021264e-06,0.31642679277634755,-1.366665449772622,-1.6830922425489696,8.061214860656584e-06,5.093599503167482,False,ns
Ruminococcaceae bacterium D16,3.867464861038153e-06,0.3592082041228042,-1.4711295258284616,-1.8303377299512658,9.829806521805306e-06,5.007455030218654,False,ns
Blautia sp CAG 257,4.6154605622778115e-06,0.23637973945001822,-1.5165374552786042,-1.7529171947286224,1.1491554869344755e-05,4.939621204950485,False,ns
Ruminococcus gnavus,5.177456531248791e-06,0.690557540350739,0.3796801240054488,-0.3108774163452902,1.263299393624705e-05,4.898493712318481,False,ns
Eisenbergiella tayi,2.634532799513145e-05,0.2654485014624992,-1.2995054707079892,-1.5649539721704884,6.302215716482425e-05,4.200506735583693,False,ns
Coprococcus catus,2.7267507256123155e-05,0.3748116446404075,-1.0325405485905927,-1.4073521932310002,6.397376702398125e-05,4.193998075582885,False,ns
Lactobacillus rogosae,8.190591091192191e-05,0.2520582057832117,-1.5020909016778428,-1.7541491074610545,0.00018853813455197118,3.724600794262091,False,ns
Hungatella hathewayi,9.106045378243596e-05,0.2491119855517594,-1.0418318085560487,-1.2909437941078081,0.00020572917336031827,3.686704118946784,False,ns
Intestinibacter bartlettii,9.91292094754542e-05,0.20120647110694212,-1.4868586635266015,-1.6880651346335436,0.00021988661010918933,3.65780121599048,False,ns
Oscillibacter sp 57 20,0.00010161922165212552,-1.3146864209277507,0.21325351918547045,1.5279399401132212,0.00022138473288498773,3.6548523322035584,True,Lower in UC
Veillonella infantium,0.0002061281248145862,0.1275515060324841,-1.2600159692959816,-1.3875674753284657,0.00044118651276104417,3.3553777725758764,False,ns
Akkermansia muciniphila,0.00026393471690132147,-1.4089245372850991,-0.6692502591259529,0.7396742781591462,0.0005551730252062279,3.2555716435774915,True,Lower in UC
Eubacterium siraeum,0.0003802404448457011,-1.3961715735297873,-0.22762847165130354,1.1685431018784838,0.000778377008491173,3.1088100006339507,True,Lower in UC
Bifidobacterium pseudocatenulatum,0.0003828083648317244,0.15133497287471753,-1.3697875065576055,-1.521122479432323,0.000778377008491173,3.1088100006339507,False,ns
Paraprevotella xylaniphila,0.0004347866941023624,-0.04972656954992205,-1.285221063974779,-1.235494494424857,0.0008695733882047248,3.0606937595527257,False,ns
Bifidobacterium longum,0.0004561512464425192,0.5724327659450137,0.8676769401235108,0.2952441741784971,0.0008856937140972394,3.0527164375651394,False,ns
Eubacterium ramulus,0.000457366426132181,0.21637279648857155,-1.1361720114644684,-1.35254480795304,0.0008856937140972394,3.0527164375651394,False,ns
Bacteroides fragilis,0.0007488481209073453,0.8101471245043469,1.4517188863682593,0.6415717618639124,0.001427491730479627,2.845426398961252,False,ns
Parasutterella excrementihominis,0.0007974252395962175,0.671302734854573,1.4806065408502929,0.8093038059957198,0.0014967058343190542,2.8248635484116225,False,ns
Ruminococcus bicirculans,0.0010537341331955357,-0.8942493831202418,0.18829422246542,1.0825436055856619,0.0019478115795432628,2.7104530566578133,False,ns
Escherichia coli,0.0011189517836835295,0.5032111196660192,0.5928967319328247,0.08968561226680553,0.0020374942926774716,2.6909035991092876,False,ns
Veillonella dispar,0.001785079514034701,0.11312914070096536,-0.7594958257390377,-0.8726249664400031,0.003202642657532846,2.494491516072133,False,ns
Barnesiella intestinihominis,0.001888724816234242,-1.521753585592779,-0.27875953469910597,1.2429940508936732,0.0033394844576895293,2.4763205734465537,True,Lower in UC
Fusicatenibacter saccharivorans,0.002790066625298489,-0.7489440697642238,1.8037384631769295,2.5526825329411533,0.004862687546948795,2.31312363522218,False,ns
Roseburia faecis,0.0038080765312462784,-1.0129554448328448,1.8207491534403675,2.8337045982732123,0.006543455448056986,2.184192850190093,True,Lower in UC
Bacteroides dorei,0.004539223546588054,0.29973876556618984,1.3293460072073915,1.0296072416412017,0.007691462120607536,2.1139910944569427,False,ns
Monoglobus pectinilyticus,0.00489365152214626,0.05146433511353865,-1.2468549979412513,-1.29831933305479,0.00817843131098416,2.087329989521348,False,ns
Agathobaculum butyriciproducens,0.006957927938476796,-0.5344000486868961,-0.14605943121698328,0.3883406174699128,0.011471178493164447,1.9403919625009307,False,ns
Blautia wexlerae,0.010681831419025232,0.40062683191965476,0.6116108047950087,0.210983972875354,0.017375779108281045,1.760055713077919,False,ns
Ruminococcus bromii,0.010878931881850096,-1.1937368715027221,-0.5888140704523124,0.6049228010504097,0.017463548547180418,1.757867504165763,True,Lower in UC
Phascolarctobacterium faecium,0.018418783471487395,-0.022176539611863777,-0.20689785869526398,-0.1847213190834002,0.029183007578200807,1.534869952082474,False,ns
Clostridium sp CAG 58,0.02065472470894148,0.3346164425756242,0.24224861725759922,-0.09236782531802495,0.03230610787808796,1.4907153610441766,False,ns
Anaerotruncus colihominis,0.030868619055533987,-0.02475226152124055,-1.49408613995633,-1.4693338784350896,0.04767052563006514,1.3217500593803153,False,ns
Veillonella parvula,0.03680407048957901,-0.12804354075647512,-0.6186501225226637,-0.4906065817661886,0.05409754939432096,1.2668224078810328,False,ns
Bacteroides massiliensis,0.03635905815678419,-0.18187476578194467,0.07055527776589997,0.25243004354784465,0.05409754939432096,1.2668224078810328,False,ns
Bacteroides caccae,0.03554476697220566,-0.9359831522639017,2.587865769296139,3.523848921560041,0.05409754939432096,1.2668224078810328,False,ns
Dialister invisus,0.03651746185096592,0.12741607679136518,-0.3732914667643889,-0.5007075435557541,0.05409754939432096,1.2668224078810328,False,ns
Haemophilus parainfluenzae,0.0405340086704676,0.10298142978914215,-0.3812112173062705,-0.48419264709541265,0.05887082211663152,1.2300998993292689,False,ns
Parabacteroides distasonis,0.04731666820338366,0.14939451056969055,4.0509614244194765,3.901566913849786,0.0679133355389742,1.1680449387926242,False,ns
Coprococcus comes,0.08435052155281056,0.20683097410610307,0.4897627960605678,0.2829318219544647,0.11966004220282428,0.9220508483229004,False,ns
Bacteroides finegoldii,0.10205650112822699,-0.1761298883712352,-0.40266384218597084,-0.22653395381473565,0.14311371422578958,0.844318746902697,False,ns
Parabacteroides goldsteinii,0.1102501763148962,-0.5176182490337488,-1.3232596117110327,-0.8056413626772839,0.15284683534565155,0.8157435488001676,False,ns
Faecalibacterium prausnitzii,0.11795271291966272,-0.26138721022370515,6.012749619454245,6.27413682967795,0.1616879884966163,0.7913222418338419,False,ns
Eubacterium hallii,0.13123776449176128,0.23441069320212532,0.3811332077774828,0.14672251457535745,0.17790008075549862,0.7498238547735259,False,ns
Bacteroides eggerthii,0.13986277301678204,-0.05798197252043874,-0.5515535098686325,-0.49357153734819376,0.18750833305546602,0.726979427031787,False,ns
Eubacterium eligens,0.14683473597844796,0.17547503054284208,2.1848662593190906,2.0093912287762485,0.19471562814533316,0.7105991900059182,False,ns
Roseburia inulinivorans,0.15789111702001934,-0.42702349257912164,2.002093162727097,2.4291166553062187,0.20712598146712216,0.6837654206619469,False,ns
Lawsonibacter asaccharolyticus,0.20782873400713697,-0.32621007320865925,-0.7680542076108143,-0.4418441344021551,0.2697351654135182,0.5690624308200578,False,ns
Dorea formicigenerans,0.21520798713079936,0.1562237554404471,0.4742931429670747,0.3180693875266276,0.2763723624206055,0.5585053891138814,False,ns
Bacteroides vulgatus,0.23819160801280936,0.09995743043297622,5.821997937820781,5.7220405073878045,0.30270183518294524,0.5189849460490088,False,ns
Eubacterium ventriosum,0.24950992779495307,-0.3425621199745093,-0.35255894704831675,-0.009996827073807424,0.3138166102163327,0.5033240730678106,False,ns
Sutterella parvirubra,0.2585027805937028,-0.0693408901551742,-1.5195006208654143,-1.45015973071024,0.3218095840044055,0.4924010260597128,False,ns
Bacteroides faecis,0.27140460406393063,-0.4529382195611747,-0.6244331386124764,-0.1714949190513017,0.3344581989474701,0.4756581532350468,False,ns
Ruminococcus lactaris,0.28362597327676775,-0.25898944325407447,-0.38919817947902713,-0.13020873622495266,0.34602368739765665,0.4608941701263824,False,ns
Bacteroides uniformis,0.29343964103216635,0.11149719462263263,5.335124569390789,5.2236273747681565,0.3544518436230128,0.4504427603947009,False,ns
Bacteroides faecis CAG 32,0.3291245236275414,-0.5387243421516644,-1.1694251493077603,-0.6307008071560959,0.39365874394666717,0.40488009756728655,False,ns
Bacteroides thetaiotaomicron,0.35117244793479196,-0.43538590212606554,2.7389389716222796,3.174324873748345,0.4159518315344138,0.38095695906079996,False,ns
Prevotella copri,0.3555811992023872,-0.7872382057474432,-0.5918093378987342,0.19542886784870897,0.41712409906433884,0.37973471835766925,False,ns
Eubacterium rectale,0.36487766505000063,-0.3893137738381105,3.48451491003083,3.8738286838689406,0.4199535390198121,0.3767987545150683,False,ns
Roseburia intestinalis,0.36188641167285995,0.14949415988135195,2.431966217742,2.282472057860648,0.4199535390198121,0.3767987545150683,False,ns
Bacteroides stercoris,0.3993873590511845,-0.12953803127322905,2.670049533475844,2.799587564749073,0.45537624116116365,0.3416296320471236,False,ns
Dorea longicatena,0.4528722645413127,0.01823656728773626,1.7138249336208475,1.6955883663331113,0.5115779284633347,0.2910882010060449,False,ns
Anaerostipes hadrus,0.5133719892553334,-0.03512918503919549,2.1409214722150027,2.176050657254198,0.5745998411848686,0.2406344983798262,False,ns
Parabacteroides merdae,0.5437170794069754,-0.006691255592938816,2.4123618241633857,2.4190530797563246,0.6030316698877364,0.21965987907657544,False,ns
Lachnospira pectinoschiza,0.5545804114012275,-0.21273217337650108,0.263112743538907,0.4758449169154081,0.6095388305490969,0.21499862252134141,False,ns
Bifidobacterium adolescentis,0.5863301480353795,-0.03239368300907366,-0.08858340101043785,-0.05618971800136419,0.6274761233361079,0.20240279526630559,False,ns
Ruthenibacterium lactatiformans,0.5792830070748514,-0.19521389335074152,0.4760406077410316,0.6712545010917731,0.6274761233361079,0.20240279526630559,False,ns
Alistipes indistinctus,0.5855992929809242,-0.3264221818280635,-1.5208063127662597,-1.1943841309381962,0.6274761233361079,0.20240279526630559,False,ns
Bilophila wadsworthia,0.6064685158925709,-0.2644230741374312,-0.7108900168782384,-0.44646694274080717,0.6433839907729882,0.1915297497838341,False,ns
Butyricimonas synergistica,0.6364827927187515,-0.7156903574018617,-1.4765860215090387,-0.760895664107177,0.6694043164800663,0.17431149153391837,False,ns
Bacteroides cellulosilyticus,0.6738169701993688,-0.6095444320710901,-0.15310761295817382,0.45643681911291634,0.702612567216436,0.15328408650536549,False,ns
Collinsella aerofaciens,0.6907075399546996,0.032849860712904855,0.7448047918921148,0.7119549311792099,0.7141213548684182,0.14622797972057297,False,ns
Clostridium leptum,0.7914886751334942,-0.26513833573225654,-0.20889270889687958,0.056245626835376955,0.811442171145263,0.09074242549567828,False,ns
Eubacterium sp CAG 38,0.8349000865528116,-0.1424299538214746,0.4136815308423515,0.5561114846638261,0.8488150879953584,0.07118690929652596,False,ns
Butyricimonas virosa,0.8824529204051921,-0.25096976743818356,-1.1211391642647481,-0.8701693968265646,0.8897459197473837,0.05073399493441058,False,ns
Oscillibacter sp CAG 241,0.9065407473203811,-0.20536940093759826,-0.8982383706528836,-0.6928689697152853,0.9065407473203811,0.04261267040059696,False,ns
